,,,,,,,,,,,,,,,,,
"‚ÄúTalk2U - AI Training Set (CSEF)"" is made available with a CC BY-SA license.",,,,,,,,,,,,,,,,,
"This license allows reusers to distribute, remix, adapt, and build upon the material in any medium or format, so long as attribution is given to the creator. The license allows for commercial use. If you remix, adapt, or build upon the material, you must license the modified material under identical terms.",,,,,,,,,,,,,,,,,
Attributions to Talk2U,,,,,,,,,,,,,,,,,
,,,,,,,,,,,,,,,,,
,,,id,repository_version,text,intent,language,created_at,entities,,,,,,,,translations
,,,,,,,,,id,repository_example,start,end,entity,group,created_at,value,
645,,,1238148,2811,O que vc fez √© errado.,criticar,pt_br,2023-04-28T18:22:46.447114Z,,,,,,,,,
,,,1238147,2811,esse tipo de gente eu desprezo,criticar,pt_br,2023-04-28T18:22:22.417875Z,,,,,,,,,
,,,1238146,2811,nao compartilho da sua opini√£o,criticar,pt_br,2023-04-28T18:22:04.394299Z,,,,,,,,,
,,,1238145,2811,ta com inveja,criticar,pt_br,2023-04-28T18:21:01.659187Z,,,,,,,,,
,,,1238144,2811,vai se tratar,criticar,pt_br,2023-04-28T18:20:43.265825Z,,,,,,,,,
,,,1238143,2811,respeita o mlk,criticar,pt_br,2023-04-28T18:20:28.095453Z,,,,,,,,,
,,,1238142,2811,N√£o vou ouvir,negar,pt_br,2023-04-28T18:19:59.104208Z,,,,,,,,,
,,,1238141,2811,Vc deve refletir um pouco mais,criticar,pt_br,2023-04-28T18:19:34.532964Z,869059,1238141,0,1,bot,,2023-04-28T18:19:34.572386Z,V,
,,,1238140,2811,respeito a diversidade,defender,pt_br,2023-04-28T18:19:12.049042Z,,,,,,,,,
,,,1238139,2811,Espero que d√™ em puni√ß√£o pra vc.,acusar,pt_br,2023-04-28T18:18:23.643752Z,,,,,,,,,
,,,1238138,2811,Acho que voc√™ t√° nervoso,criticar,pt_br,2023-04-28T18:17:58.834477Z,,,,,,,,,
,,,1238137,2811,Vai viver tua vida,criticar,pt_br,2023-04-28T18:17:30.033912Z,,,,,,,,,
,,,1238136,2811,n√£o teve gra√ßa.,criticar,pt_br,2023-04-28T18:17:08.945411Z,,,,,,,,,
,,,1238135,2811,Vai dar processo mesmo,acusar,pt_br,2023-04-28T18:16:51.185389Z,,,,,,,,,
,,,1238134,2811,S√≥ estou vendo algu√©m se defendendo,defender,pt_br,2023-04-28T18:16:10.816040Z,,,,,,,,,
,,,1238133,2811,Do que?,duvida,pt_br,2023-04-28T18:12:07.261844Z,,,,,,,,,
,,,1238132,2811,T√¥ com ela nessa.,defender,pt_br,2023-04-28T18:09:54.076084Z,869058,1238132,14,17,character,,2023-04-28T18:09:54.118997Z,sa.,
,,,1238131,2811,"Cadeia para homof√≥bico, espero eu",acusar,pt_br,2023-04-28T18:09:29.457041Z,869056,1238131,31,33,bot,,2023-04-28T18:09:29.508432Z,eu,
,,,1238130,2811,tomara q tu se foda,xingar,pt_br,2023-04-28T18:06:54.155836Z,869055,1238130,25,27,bot,,2023-04-28T18:06:54.218208Z,,
,,,1238057,2811,mto eu,identificar,pt_br,2023-04-28T17:25:03.209533Z,,,,,,,,,
,,,1238055,2811,real dms,identificar,pt_br,2023-04-28T17:24:54.735145Z,,,,,,,,,
,,,1238053,2811,igualzinho,identificar,pt_br,2023-04-28T17:24:31.159845Z,,,,,,,,,
,,,1238052,2811,assim mesmo,identificar,pt_br,2023-04-28T17:24:21.868716Z,,,,,,,,,
,,,1238050,2811,igual aqui,identificar,pt_br,2023-04-28T17:24:11.476901Z,,,,,,,,,
,,,1238048,2811,sei bem,identificar,pt_br,2023-04-28T17:23:57.734419Z,,,,,,,,,
,,,1238046,2811,j√° me senti assim,identificar,pt_br,2023-04-28T17:23:32.402670Z,,,,,,,,,
,,,1238041,2811,adorei,elogiar,pt_br,2023-04-28T17:21:41.732893Z,,,,,,,,,
,,,1238035,2811,gostei,elogiar,pt_br,2023-04-28T17:20:14.777993Z,,,,,,,,,
,,,1238027,2811,que merda,xingar,pt_br,2023-04-28T17:17:49.153751Z,,,,,,,,,
,,,1238019,2811,vc esta cometendo um crime,acusar,pt_br,2023-04-28T17:15:23.542320Z,,,,,,,,,
,,,1238012,2811,vc esta errado,acusar,pt_br,2023-04-28T17:12:01.447063Z,,,,,,,,,
,,,1238007,2811,isso √© muito errado,acusar,pt_br,2023-04-28T17:09:06.771372Z,,,,,,,,,
,,,1238006,2811,vc se confundiu,engano,pt_br,2023-04-28T16:29:13.890599Z,,,,,,,,,
,,,1238005,2811,n√£o sou eu ai,engano,pt_br,2023-04-28T16:27:50.139752Z,,,,,,,,,
,,,1238004,2811,deve ser,duvida,pt_br,2023-04-28T16:21:12.191091Z,,,,,,,,,
,,,1238003,2811,n√£o sei ao certo,duvida,pt_br,2023-04-28T16:15:22.244765Z,,,,,,,,,
,,,1214190,2811,nao to conseguindo ver,negar,pt_br,2023-04-03T18:56:47.271664Z,,,,,,,,,
,,,1214189,2811,nao da pra ver,negar,pt_br,2023-04-03T18:55:51.520319Z,,,,,,,,,
,,,1214188,2811,n√£o consegui ver,negar,pt_br,2023-04-03T18:55:43.542884Z,,,,,,,,,
,,,1214187,2811,nao consigo ver pq n√£o carrega,negar,pt_br,2023-04-03T18:55:35.887335Z,,,,,,,,,
,,,1214186,2811,como vou ver se nao carrega,negar,pt_br,2023-04-03T18:55:26.940949Z,,,,,,,,,
,,,1214185,2811,"n√£o carrega, como vou ver",negar,pt_br,2023-04-03T18:55:16.119679Z,,,,,,,,,
,,,1214184,2811,que falta de respeito,criticar,pt_br,2023-04-03T18:39:03.815221Z,,,,,,,,,
,,,1214183,2811,que falta de respeito √© essa,criticar,pt_br,2023-04-03T18:38:49.653085Z,,,,,,,,,
,,,1214182,2811,isso √© mt falta de respeito,criticar,pt_br,2023-04-03T18:38:32.164207Z,,,,,,,,,
,,,1214181,2811,que falta de respeito isso,criticar,pt_br,2023-04-03T18:36:30.324544Z,,,,,,,,,
,,,1214180,2811,nao chegou,negar,pt_br,2023-04-03T18:25:12.209069Z,,,,,,,,,
,,,1214179,2811,nao ta carregando,negar,pt_br,2023-04-03T18:24:59.700849Z,,,,,,,,,
,,,1214178,2811,n√£o t√° funcionando,negar,pt_br,2023-04-03T18:24:49.913379Z,,,,,,,,,
,,,1214177,2811,nao funcionou,negar,pt_br,2023-04-03T18:24:41.251624Z,,,,,,,,,
,,,1214176,2811,nao carregou,negar,pt_br,2023-04-03T18:24:31.340699Z,,,,,,,,,
,,,1214175,2811,nao carrega,negar,pt_br,2023-04-03T18:24:23.723520Z,,,,,,,,,
,,,1214174,2811,que horror atacar algu√©m,criticar,pt_br,2023-04-03T18:22:51.144106Z,,,,,,,,,
,,,1214173,2811,que horror dizer isso,criticar,pt_br,2023-04-03T18:22:34.868208Z,,,,,,,,,
,,,1214172,2811,coisa feia falar isso,criticar,pt_br,2023-04-03T16:16:31.340719Z,,,,,,,,,
,,,1214171,2811,nao tem vergonha de falar isso,criticar,pt_br,2023-04-03T16:15:20.694761Z,,,,,,,,,
,,,1214170,2811,nao pode dizer isso,criticar,pt_br,2023-04-03T16:15:07.425063Z,,,,,,,,,
,,,1214169,2811,vc nao pode falar isso,criticar,pt_br,2023-04-03T16:14:40.322439Z,852487,1214169,0,2,bot,,2023-04-03T16:14:40.377884Z,vc,
,,,1214168,2811,para de falar isso,criticar,pt_br,2023-04-03T16:14:02.391534Z,,,,,,,,,
,,,1214167,2811,n√£o pode falar isso,criticar,pt_br,2023-04-03T16:13:32.653115Z,,,,,,,,,
,,,1214166,2811,aff nada a ver,criticar,pt_br,2023-04-03T15:43:23.262893Z,,,,,,,,,
,,,1214165,2811,aff s√©rio isso,criticar,pt_br,2023-04-03T15:42:53.723215Z,,,,,,,,,
,,,1214164,2811,afff,criticar,pt_br,2023-04-03T15:31:41.863564Z,,,,,,,,,
,,,1214163,2811,voce deveria pedir desculpas,criticar,pt_br,2023-04-03T15:18:10.439462Z,852482,1214163,0,4,bot,,2023-04-03T15:18:10.479855Z,voce,
,,,1214162,2811,√© melhor voc√™ pedir desculpa,criticar,pt_br,2023-04-03T15:17:53.395880Z,852481,1214162,9,13,bot,,2023-04-03T15:17:53.452860Z,voc√™,
,,,1214161,2811,vc deveria se desculpar,criticar,pt_br,2023-04-03T15:17:38.097484Z,852480,1214161,0,2,bot,,2023-04-03T15:17:38.154088Z,vc,
,,,1214160,2811,que porra √© essa,xingar,pt_br,2023-04-03T14:57:12.815601Z,,,,,,,,,
,,,1214159,2811,wtf,xingar,pt_br,2023-04-03T14:57:04.742572Z,,,,,,,,,
,,,1214158,2811,infelizmente nunca,negar,pt_br,2023-04-03T14:53:56.443467Z,,,,,,,,,
,,,1214157,2811,infelizmente n√£o,negar,pt_br,2023-04-03T14:53:43.163145Z,,,,,,,,,
,,,1214156,2811,recebi sim infelizmente,afirmar,pt_br,2023-04-03T14:53:30.115685Z,,,,,,,,,
,,,1214155,2811,infelizmente chegou,afirmar,pt_br,2023-04-03T14:53:20.148270Z,,,,,,,,,
,,,1214149,2811,que horr√≠vel,xingar,pt_br,2023-04-03T14:50:48.168511Z,,,,,,,,,
,,,1214147,2811,vc acha que isso vai me afetar?,defender,pt_br,2023-04-03T14:50:11.244871Z,852478,1214147,21,23,character,,2023-04-03T14:50:11.407665Z,me,
,,,1214146,2811,isso n√£o me afeta,defender,pt_br,2023-04-03T14:49:54.951827Z,852477,1214146,9,11,character,,2023-04-03T14:49:54.988171Z,me,
,,,1214137,2811,vc n√£o vai me atingir,defender,pt_br,2023-04-03T14:40:19.327667Z,852473,1214137,11,13,character,,2023-04-03T14:40:19.363507Z,me,
,,,1214136,2811,isso n√£o me atinge,defender,pt_br,2023-04-03T14:39:53.752081Z,852472,1214136,9,11,character,,2023-04-03T14:39:53.792468Z,me,
,,,1214135,2811,espero que n√£o d√™,negar,pt_br,2023-04-03T14:39:34.236299Z,,,,,,,,,
,,,1214134,2811,espero que d√™,afirmar,pt_br,2023-04-03T14:39:22.813023Z,,,,,,,,,
,,,1214133,2811,espero que sim,afirmar,pt_br,2023-04-03T14:39:15.152866Z,,,,,,,,,
,,,1214132,2811,espero que n√£o,negar,pt_br,2023-04-03T14:39:04.497606Z,,,,,,,,,
,,,1214131,2811,n√£o carrega,negar,pt_br,2023-04-03T14:38:55.769399Z,,,,,,,,,
,,,1214130,2811,n√£o carregou,negar,pt_br,2023-04-03T14:38:47.262472Z,,,,,,,,,
,,,1214113,2811,n√£o fala isso,criticar,pt_br,2023-04-03T14:06:42.499730Z,,,,,,,,,
,,,1214112,2811,certa ela,defender,pt_br,2023-04-03T14:06:29.466805Z,852467,1214112,6,9,character,,2023-04-03T14:06:29.518536Z,ela,
,,,1214111,2811,para com essas coisas,criticar,pt_br,2023-04-03T14:02:34.918252Z,,,,,,,,,
,,,1214110,2811,vc precisa parar,criticar,pt_br,2023-04-03T14:02:27.040813Z,852466,1214110,0,2,bot,,2023-04-03T14:02:27.089079Z,vc,
,,,1214109,2811,para de falar essas coisas,criticar,pt_br,2023-04-03T14:02:11.267107Z,,,,,,,,,
,,,1214108,2811,qual seu problema,xingar,pt_br,2023-04-03T13:48:30.542416Z,852463,1214108,5,8,bot,,2023-04-03T13:48:30.599723Z,seu,
,,,1214107,2811,tu tem algum problema,xingar,pt_br,2023-04-03T13:48:08.442413Z,852462,1214107,0,2,bot,,2023-04-03T13:48:08.483397Z,tu,
,,,1214106,2811,qual √© o teu problema,xingar,pt_br,2023-04-03T13:47:56.045664Z,852461,1214106,9,12,bot,,2023-04-03T13:47:56.218351Z,teu,
,,,1214104,2811,para de falar merda,xingar,pt_br,2023-04-03T13:43:19.746088Z,,,,,,,,,
,,,1214102,2811,que rid√≠culo,xingar,pt_br,2023-04-03T13:42:38.034842Z,,,,,,,,,
,,,1214100,2811,nada a ver,criticar,pt_br,2023-04-03T13:42:17.954925Z,,,,,,,,,
,,,1214099,2811,para com isso,criticar,pt_br,2023-04-03T13:41:43.023257Z,,,,,,,,,
,,,1214098,2811,idiota,xingar,pt_br,2023-04-03T13:28:23.257338Z,,,,,,,,,
,,,1214097,2811,voc√™ √© uma trouxa,xingar,pt_br,2023-04-03T13:28:23.212763Z,,,,,,,,,
,,,1214096,2811,sua vagabunda,xingar,pt_br,2023-04-03T13:28:23.165815Z,,,,,,,,,
,,,1214095,2811,seu vagabundo,xingar,pt_br,2023-04-03T13:28:23.118984Z,,,,,,,,,
,,,1214094,2811,vai tomar no cu,xingar,pt_br,2023-04-03T13:28:23.080430Z,,,,,,,,,
,,,1214093,2811,seu merda,xingar,pt_br,2023-04-03T13:28:23.032984Z,,,,,,,,,
,,,1214092,2811,vc √© um merda,xingar,pt_br,2023-04-03T13:28:22.945028Z,852438,1214092,0,2,bot,,2023-04-03T13:28:22.974165Z,vc,
,,,1214091,2811,sua merda,xingar,pt_br,2023-04-03T13:28:22.886159Z,,,,,,,,,
,,,1214090,2811,chato demais,xingar,pt_br,2023-04-03T13:28:22.833200Z,,,,,,,,,
,,,1214089,2811,que chata,xingar,pt_br,2023-04-03T13:28:22.767922Z,,,,,,,,,
,,,1214088,2811,vc √© mt chato,xingar,pt_br,2023-04-03T13:28:22.654784Z,852437,1214088,0,2,bot,,2023-04-03T13:28:22.706441Z,vc,
,,,1214087,2811,deixa de ser um merda,xingar,pt_br,2023-04-03T13:28:22.546578Z,,,,,,,,,
,,,1214086,2811,voc√™ s√≥ fala merda,xingar,pt_br,2023-04-03T13:28:22.490535Z,,,,,,,,,
,,,1214085,2811,vc √© uma bosta,xingar,pt_br,2023-04-03T13:28:22.412756Z,852436,1214085,0,2,bot,,2023-04-03T13:28:22.442597Z,vc,
,,,1214084,2811,seu bosta,xingar,pt_br,2023-04-03T13:28:22.370141Z,,,,,,,,,
,,,1214083,2811,sua nojenta,xingar,pt_br,2023-04-03T13:28:22.317703Z,,,,,,,,,
,,,1214082,2811,vc √© uma nojenta,xingar,pt_br,2023-04-03T13:28:22.252009Z,852435,1214082,0,2,bot,,2023-04-03T13:28:22.279128Z,vc,
,,,1214081,2811,voce √© um nojento,xingar,pt_br,2023-04-03T13:28:22.152587Z,,,,,,,,,
,,,1214080,2811,chato pra caralho,xingar,pt_br,2023-04-03T13:28:22.088874Z,,,,,,,,,
,,,1214079,2811,bosta do caralho,xingar,pt_br,2023-04-03T13:28:22.010930Z,,,,,,,,,
,,,1214078,2811,que merda √© essa,xingar,pt_br,2023-04-03T13:28:21.933449Z,,,,,,,,,
,,,1214077,2811,cala a boca seu merda,xingar,pt_br,2023-04-03T13:28:21.852781Z,852434,1214077,12,15,bot,,2023-04-03T13:28:21.893478Z,seu,
,,,1214076,2811,lixo do crlh,xingar,pt_br,2023-04-03T13:28:21.802999Z,,,,,,,,,
,,,1214075,2811,seu lixo de merda,xingar,pt_br,2023-04-03T13:28:21.719464Z,852433,1214075,0,3,bot,,2023-04-03T13:28:21.758367Z,seu,
,,,1214074,2811,tu √© um otario,xingar,pt_br,2023-04-03T13:28:21.641752Z,852432,1214074,0,2,bot,,2023-04-03T13:28:21.674864Z,tu,
,,,1214073,2811,vai se fuder,xingar,pt_br,2023-04-03T13:28:21.575360Z,,,,,,,,,
,,,1214072,2811,se fode caralho,xingar,pt_br,2023-04-03T13:28:21.522845Z,,,,,,,,,
,,,1214071,2811,vou te matar,ameacar,pt_br,2023-04-03T13:28:21.483296Z,,,,,,,,,
,,,1214070,2811,vou ferrar com voce,ameacar,pt_br,2023-04-03T13:28:21.441230Z,,,,,,,,,
,,,1214069,2811,vou te quebrar,ameacar,pt_br,2023-04-03T13:28:21.372942Z,,,,,,,,,
,,,1214068,2811,vc vai morrer,ameacar,pt_br,2023-04-03T13:28:21.321312Z,,,,,,,,,
,,,1214067,2811,ja era pra vc,ameacar,pt_br,2023-04-03T13:28:21.262523Z,,,,,,,,,
,,,1214066,2811,ja era vou te quebrar,ameacar,pt_br,2023-04-03T13:28:21.210757Z,,,,,,,,,
,,,1214065,2811,vou te achar,ameacar,pt_br,2023-04-03T13:28:21.154373Z,,,,,,,,,
,,,1214064,2811,vc vai ver s√≥,ameacar,pt_br,2023-04-03T13:28:21.099007Z,,,,,,,,,
,,,1214063,2811,vai ver quando te encontrar,ameacar,pt_br,2023-04-03T13:28:21.038550Z,,,,,,,,,
,,,1214062,2811,vai ver quando acabar com vc,ameacar,pt_br,2023-04-03T13:28:20.988552Z,,,,,,,,,
,,,1214061,2811,vou acabar com a sua vida,ameacar,pt_br,2023-04-03T13:28:20.935558Z,,,,,,,,,
,,,1214060,2811,vou te machucar,ameacar,pt_br,2023-04-03T13:28:20.878971Z,,,,,,,,,
,,,1214059,2811,ta querendo morrer,ameacar,pt_br,2023-04-03T13:28:20.819723Z,,,,,,,,,
,,,1214058,2811,ta querendo apanhar,ameacar,pt_br,2023-04-03T13:28:20.762406Z,,,,,,,,,
,,,1214057,2811,vou te encher de porrada,ameacar,pt_br,2023-04-03T13:28:20.679068Z,,,,,,,,,
,,,1214056,2811,vo acabar contigo,ameacar,pt_br,2023-04-03T13:28:20.611665Z,,,,,,,,,
,,,1214055,2811,vo ferrar contigo,ameacar,pt_br,2023-04-03T13:28:20.521191Z,,,,,,,,,
,,,1214054,2811,vou te bater demais,ameacar,pt_br,2023-04-03T13:28:20.445451Z,,,,,,,,,
,,,1214053,2811,vai apanhar muito,ameacar,pt_br,2023-04-03T13:28:20.384620Z,,,,,,,,,
,,,1214052,2811,voce vai apanhar,ameacar,pt_br,2023-04-03T13:28:20.310406Z,,,,,,,,,
,,,1214051,2811,te encho de porrada,ameacar,pt_br,2023-04-03T13:28:20.253425Z,,,,,,,,,
,,,1214050,2811,vou te bater ate vc nao aguentar mais,ameacar,pt_br,2023-04-03T13:28:20.160893Z,,,,,,,,,
,,,1214049,2811,vc ta morto,ameacar,pt_br,2023-04-03T13:28:20.107650Z,,,,,,,,,
,,,1214048,2811,vc ta morta,ameacar,pt_br,2023-04-03T13:28:20.074296Z,,,,,,,,,
,,,1214047,2811,me encontra pra vc ver,ameacar,pt_br,2023-04-03T13:28:20.008537Z,,,,,,,,,
,,,1214046,2811,continua falando pra voce ver,ameacar,pt_br,2023-04-03T13:28:19.972198Z,,,,,,,,,
,,,1214045,2811,vai ver oq √© bom,ameacar,pt_br,2023-04-03T13:28:19.915830Z,,,,,,,,,
,,,1214044,2811,vai ver oq vou fazer com vc,ameacar,pt_br,2023-04-03T13:28:19.843365Z,,,,,,,,,
,,,1214043,2811,vc ta fudido irmao,ameacar,pt_br,2023-04-03T13:28:19.799133Z,,,,,,,,,
,,,1214042,2811,ce ta ferrado agora,ameacar,pt_br,2023-04-03T13:28:19.752518Z,,,,,,,,,
,,,1214041,2811,tu vai apanhar muito,ameacar,pt_br,2023-04-03T13:28:19.684969Z,,,,,,,,,
,,,1214040,2811,tu vai ver oq vou fazer,ameacar,pt_br,2023-04-03T13:28:19.622320Z,,,,,,,,,
,,,1214039,2811,tenta p vc ver,ameacar,pt_br,2023-04-03T13:28:19.559744Z,,,,,,,,,
,,,1214038,2811,tenta pra voce ver,ameacar,pt_br,2023-04-03T13:28:19.504758Z,,,,,,,,,
,,,1214037,2811,tenta pra tu ver,ameacar,pt_br,2023-04-03T13:28:19.441127Z,,,,,,,,,
,,,1214036,2811,tu vai ver quando te encontrar,ameacar,pt_br,2023-04-03T13:28:19.391656Z,,,,,,,,,
,,,1214035,2811,tu ta ferrado,ameacar,pt_br,2023-04-03T13:28:19.344910Z,,,,,,,,,
,,,1214034,2811,ta ferrado,ameacar,pt_br,2023-04-03T13:28:19.285815Z,,,,,,,,,
,,,1214033,2811,ja era ta fodido,ameacar,pt_br,2023-04-03T13:28:19.245787Z,,,,,,,,,
,,,1214032,2811,vc ta fodida,ameacar,pt_br,2023-04-03T13:28:19.169602Z,,,,,,,,,
,,,1214031,2811,ta fodida agora,ameacar,pt_br,2023-04-03T13:28:19.110366Z,,,,,,,,,
,,,1214030,2811,ja era pra ti,ameacar,pt_br,2023-04-03T13:28:19.036922Z,,,,,,,,,
,,,1214029,2811,vou quebrar tua cara,ameacar,pt_br,2023-04-03T13:28:18.991232Z,,,,,,,,,
,,,1214028,2811,seu cuz√£o,xingar,pt_br,2023-04-03T13:28:18.912721Z,852431,1214028,0,3,bot,,2023-04-03T13:28:18.944569Z,seu,
,,,1214027,2811,tu √© uma cuzona,xingar,pt_br,2023-04-03T13:28:18.838111Z,852430,1214027,0,2,bot,,2023-04-03T13:28:18.868202Z,tu,
,,,1214026,2811,vou te processar,acusar,pt_br,2023-04-03T13:28:18.732488Z,,,,,,,,,
,,,1214025,2811,vc vai ser processado,acusar,pt_br,2023-04-03T13:28:18.643118Z,,,,,,,,,
,,,1214024,2811,isso √© crime,acusar,pt_br,2023-04-03T13:28:18.580753Z,,,,,,,,,
,,,1214023,2811,o que tu ta fazendo √© crime,acusar,pt_br,2023-04-03T13:28:18.506869Z,852429,1214023,6,8,bot,,2023-04-03T13:28:18.544027Z,tu,
,,,1214022,2811,homofobia √© crime,acusar,pt_br,2023-04-03T13:28:18.461993Z,,,,,,,,,
,,,1214021,2811,voce √© um criminoso,acusar,pt_br,2023-04-03T13:28:18.405900Z,,,,,,,,,
,,,1214020,2811,vou te denunciar,acusar,pt_br,2023-04-03T13:28:18.362410Z,,,,,,,,,
,,,1214019,2811,vc vai ser denunciado,acusar,pt_br,2023-04-03T13:28:18.299187Z,,,,,,,,,
,,,1214018,2811,vou denunciar isso que vc ta fazendo,acusar,pt_br,2023-04-03T13:28:18.251336Z,,,,,,,,,
,,,1214017,2811,vou denunciar todo mundo,acusar,pt_br,2023-04-03T13:28:18.208109Z,,,,,,,,,
,,,1214016,2811,denuncio voces todos,acusar,pt_br,2023-04-03T13:28:18.154725Z,,,,,,,,,
,,,1214015,2811,quer ser processado,acusar,pt_br,2023-04-03T13:28:18.125376Z,,,,,,,,,
,,,1214014,2811,ta querendo ser processado,acusar,pt_br,2023-04-03T13:28:18.091743Z,,,,,,,,,
,,,1214013,2811,ta querendo ser processada,acusar,pt_br,2023-04-03T13:28:18.041434Z,,,,,,,,,
,,,1214012,2811,vc vai ser preso,acusar,pt_br,2023-04-03T13:28:17.986095Z,,,,,,,,,
,,,1214011,2811,vou mandar te prenderem,acusar,pt_br,2023-04-03T13:28:17.935931Z,,,,,,,,,
,,,1214010,2811,vo mandar te prender,acusar,pt_br,2023-04-03T13:28:17.882623Z,,,,,,,,,
,,,1214009,2811,vcs merecem ser presos,acusar,pt_br,2023-04-03T13:28:17.818312Z,,,,,,,,,
,,,1214008,2811,voce vai pra prisao,acusar,pt_br,2023-04-03T13:28:17.772347Z,,,,,,,,,
,,,1214007,2811,tu vai pra cadeia,acusar,pt_br,2023-04-03T13:28:17.702092Z,852428,1214007,0,2,bot,,2023-04-03T13:28:17.738480Z,tu,
,,,1214006,2811,vou te mandar pra cadeia,acusar,pt_br,2023-04-03T13:28:17.644413Z,,,,,,,,,
,,,1214005,2811,homof√≥bico do caralho,xingar,pt_br,2023-04-03T13:28:17.556627Z,852427,1214005,0,10,preconceito,,2023-04-03T13:28:17.600420Z,homof√≥bico,
,,,1214004,2811,voce √© um homof√≥bico,xingar,pt_br,2023-04-03T13:28:17.445404Z,852425,1214004,10,20,preconceito,,2023-04-03T13:28:17.480642Z,homof√≥bico,
,,,1214003,2811,homofobia √© crime sabia?,acusar,pt_br,2023-04-03T13:28:17.393997Z,852426,1214004,0,4,bot,,2023-04-03T13:28:17.523825Z,voce,
,,,1214002,2811,misoginia √© crime,acusar,pt_br,2023-04-03T13:28:17.352856Z,,,,,,,,,
,,,1214001,2811,machista de merda,xingar,pt_br,2023-04-03T13:28:17.257204Z,852424,1214001,0,8,preconceito,,2023-04-03T13:28:17.307974Z,machista,
,,,1214000,2811,tu √© um gordof√≥bico escroto,xingar,pt_br,2023-04-03T13:28:17.084447Z,852422,1214000,8,19,preconceito,,2023-04-03T13:28:17.123471Z,gordof√≥bico,
,,,1213999,2811,sua gordof√≥bica,xingar,pt_br,2023-04-03T13:28:16.977893Z,852420,1213999,4,15,preconceito,,2023-04-03T13:28:17.007516Z,gordof√≥bica,
,,,1213998,2811,seu homof√≥bico,xingar,pt_br,2023-04-03T13:28:16.793510Z,852418,1213998,4,14,preconceito,,2023-04-03T13:28:16.887668Z,homof√≥bico,
,,,1213997,2811,vou meter um processo,acusar,pt_br,2023-04-03T13:28:16.725646Z,852419,1213998,0,3,bot,,2023-04-03T13:28:16.942682Z,seu,
,,,1213996,2811,o processinho vem,acusar,pt_br,2023-04-03T13:28:16.635444Z,,,,,,,,,
,,,1213995,2811,eu concordo com ela,defender,pt_br,2023-04-03T13:28:16.553156Z,,,,,,,,,
,,,1213994,2811,concordo com ele,defender,pt_br,2023-04-03T13:28:16.487565Z,,,,,,,,,
,,,1213993,2811,qual o problema disso,defender,pt_br,2023-04-03T13:28:16.443026Z,,,,,,,,,
,,,1213992,2811,nao tem problema nenhum,defender,pt_br,2023-04-03T13:28:16.336286Z,,,,,,,,,
,,,1213991,2811,ela nao fez nada,defender,pt_br,2023-04-03T13:28:16.282322Z,,,,,,,,,
,,,1213990,2811,ele nao fez nada de errado,defender,pt_br,2023-04-03T13:28:16.227687Z,,,,,,,,,
,,,1213989,2811,ele ta certo,defender,pt_br,2023-04-03T13:28:16.173998Z,,,,,,,,,
,,,1213988,2811,qual o problema,defender,pt_br,2023-04-03T13:28:16.131244Z,,,,,,,,,
,,,1213987,2811,eu to com ela,defender,pt_br,2023-04-03T13:28:16.078828Z,,,,,,,,,
,,,1213986,2811,eu apoio ela,defender,pt_br,2023-04-03T13:28:16.032238Z,,,,,,,,,
,,,1213985,2811,zero problema isso,defender,pt_br,2023-04-03T13:28:15.979815Z,,,,,,,,,
,,,1213984,2811,deixa ela em paz,defender,pt_br,2023-04-03T13:28:15.934716Z,,,,,,,,,
,,,1213983,2811,deixa ele,defender,pt_br,2023-04-03T13:28:15.887400Z,,,,,,,,,
,,,1213982,2811,cuida da sua vida,defender,pt_br,2023-04-03T13:28:15.796098Z,,,,,,,,,
,,,1213981,2811,cada um faz o que quer,defender,pt_br,2023-04-03T13:28:15.756757Z,,,,,,,,,
,,,1213979,2811,deixa as pessoas em paz,defender,pt_br,2023-04-03T13:28:15.632491Z,,,,,,,,,
,,,1213978,2811,deixa os outros em paz,defender,pt_br,2023-04-03T13:28:15.560545Z,,,,,,,,,
,,,1213977,2811,nao vejo problema,defender,pt_br,2023-04-03T13:28:15.521998Z,,,,,,,,,
,,,1213976,2811,nao tem nenhum problema,defender,pt_br,2023-04-03T13:28:15.477011Z,,,,,,,,,
,,,1213975,2811,nao tem nada de errado,defender,pt_br,2023-04-03T13:28:15.421731Z,,,,,,,,,
,,,1213974,2811,ela ta certa,defender,pt_br,2023-04-03T13:28:15.350576Z,852417,1213974,0,3,character,,2023-04-03T13:28:15.378199Z,ela,
,,,1213973,2811,elas tao certas,defender,pt_br,2023-04-03T13:28:15.284793Z,852416,1213973,0,4,character,,2023-04-03T13:28:15.313971Z,elas,
,,,1213972,2811,ele nao ta errado,defender,pt_br,2023-04-03T13:28:15.238141Z,,,,,,,,,
,,,1213971,2811,elas nao tao erradas,defender,pt_br,2023-04-03T13:28:15.155224Z,852415,1213971,0,4,character,,2023-04-03T13:28:15.181108Z,elas,
,,,1213970,2811,eles nao estao errados,defender,pt_br,2023-04-03T13:28:15.116938Z,,,,,,,,,
,,,1213969,2811,n√£o sou eu,engano,pt_br,2023-04-03T13:28:15.076570Z,,,,,,,,,
,,,1213968,2811,essa n√£o sou eu,engano,pt_br,2023-04-03T13:28:15.023028Z,,,,,,,,,
,,,1213967,2811,voc√™ se enganou,engano,pt_br,2023-04-03T13:28:14.972518Z,,,,,,,,,
,,,1213966,2811,vc t√° enganado,engano,pt_br,2023-04-03T13:28:14.926166Z,,,,,,,,,
,,,1213965,2811,√© outra pessoa,engano,pt_br,2023-04-03T13:28:14.852566Z,,,,,,,,,
,,,1213964,2811,deve ser outra menina,engano,pt_br,2023-04-03T13:28:14.768593Z,,,,,,,,,
,,,1213963,2811,"√© outro cara, n√£o sou eu",engano,pt_br,2023-04-03T13:28:14.692049Z,,,,,,,,,
,,,1213962,2811,n√£o √© eu nessa foto,engano,pt_br,2023-04-03T13:28:14.633979Z,,,,,,,,,
,,,1213961,2811,pessoa errada,engano,pt_br,2023-04-03T13:28:14.578421Z,,,,,,,,,
,,,1213960,2811,voc√™ t√° me confundindo com algu√©m,engano,pt_br,2023-04-03T13:28:14.526382Z,,,,,,,,,
,,,1213959,2811,acho que tu se confundiu,engano,pt_br,2023-04-03T13:28:14.470872Z,,,,,,,,,
,,,1213958,2811,"vc se confundiu, n sou eu",engano,pt_br,2023-04-03T13:28:14.411158Z,,,,,,,,,
,,,1213957,2811,eu sou outra pessoa,engano,pt_br,2023-04-03T13:28:14.366094Z,,,,,,,,,
,,,1213956,2811,vc ta falando com outra pessoa,engano,pt_br,2023-04-03T13:28:14.323320Z,,,,,,,,,
,,,1213955,2811,nunca vi essa pessoa,engano,pt_br,2023-04-03T13:28:14.267868Z,,,,,,,,,
,,,1213954,2811,nunca vi essa menina,engano,pt_br,2023-04-03T13:28:14.212860Z,,,,,,,,,
,,,1213953,2811,nunca vi esse menino,engano,pt_br,2023-04-03T13:28:14.143713Z,,,,,,,,,
,,,1213952,2811,nem conhe√ßo essa mina,engano,pt_br,2023-04-03T13:28:14.078390Z,,,,,,,,,
,,,1213951,2811,vc confundiu,engano,pt_br,2023-04-03T13:28:14.012262Z,,,,,,,,,
,,,1213950,2811,nem conhe√ßo esse cara,engano,pt_br,2023-04-03T13:28:13.939146Z,,,,,,,,,
,,,1213949,2811,errou a pessoa,engano,pt_br,2023-04-03T13:28:13.846703Z,,,,,,,,,
,,,1213948,2811,n sou esse ai n√£o,engano,pt_br,2023-04-03T13:28:13.770961Z,,,,,,,,,
,,,1213947,2811,n√£o sou essa ai n√£o,engano,pt_br,2023-04-03T13:28:13.710904Z,,,,,,,,,
,,,1213946,2811,vc ta falando com a pessoa errada,engano,pt_br,2023-04-03T13:28:13.661135Z,,,,,,,,,
,,,1213945,2811,n√∫mero errado,engano,pt_br,2023-04-03T13:28:13.612983Z,,,,,,,,,
,,,1213944,2811,errou o n√∫mero,engano,pt_br,2023-04-03T13:28:13.562451Z,,,,,,,,,
,,,1213943,2811,errou de user,engano,pt_br,2023-04-03T13:28:13.511813Z,,,,,,,,,
,,,1213942,2811,vc mandou mensagem para outro n√∫mero,engano,pt_br,2023-04-03T13:28:13.451870Z,,,,,,,,,
,,,1213941,2811,vc mandou mensagem para outra pessoa,engano,pt_br,2023-04-03T13:28:13.347894Z,,,,,,,,,
,,,1213940,2811,esse n√£o √© meu insta,engano,pt_br,2023-04-03T13:28:13.266951Z,,,,,,,,,
,,,1213939,2811,esse perfil n√£o √© meu,engano,pt_br,2023-04-03T13:28:13.197960Z,,,,,,,,,
,,,1213938,2811,cara errado,engano,pt_br,2023-04-03T13:28:13.152584Z,,,,,,,,,
,,,1213937,2811,mina errada,engano,pt_br,2023-04-03T13:28:13.095538Z,,,,,,,,,
,,,1213936,2811,desconhe√ßo esse ai,engano,pt_br,2023-04-03T13:28:13.051515Z,,,,,,,,,
,,,1213935,2811,desconhe√ßo essa ai,engano,pt_br,2023-04-03T13:28:12.979216Z,,,,,,,,,
,,,1213934,2811,foi um engano,engano,pt_br,2023-04-03T13:28:12.929243Z,,,,,,,,,
,,,1213933,2811,vc ta enganado,engano,pt_br,2023-04-03T13:28:12.888595Z,,,,,,,,,
,,,1213932,2811,vc ta enganada,engano,pt_br,2023-04-03T13:28:12.840210Z,,,,,,,,,
,,,1213931,2811,vc errou de pessoa,engano,pt_br,2023-04-03T13:28:12.803341Z,,,,,,,,,
,,,1213930,2811,nunca vi na vida,engano,pt_br,2023-04-03T13:28:12.761833Z,,,,,,,,,
,,,1213929,2811,sou eu n√£o,engano,pt_br,2023-04-03T13:28:12.719697Z,,,,,,,,,
,,,1213907,2811,n√£o concordo contigo,criticar,pt_br,2023-04-03T13:28:11.127909Z,852405,1213907,13,20,bot,,2023-04-03T13:28:11.152332Z,contigo,
,,,1213906,2811,n√£o concordo com ela,criticar,pt_br,2023-04-03T13:28:11.061717Z,852404,1213906,17,20,character,,2023-04-03T13:28:11.088157Z,ela,
,,,1213905,2811,n√£o gostei do que ele fez,criticar,pt_br,2023-04-03T13:28:10.980879Z,852403,1213905,18,21,character,,2023-04-03T13:28:11.013464Z,ele,
,,,1213904,2811,n√£o curti o que voc√™ fez,criticar,pt_br,2023-04-03T13:28:10.918406Z,852402,1213904,16,20,bot,,2023-04-03T13:28:10.945300Z,voc√™,
,,,1213898,2811,voc√™ tem que parar com isso,criticar,pt_br,2023-04-03T13:28:10.439170Z,852398,1213898,0,4,bot,,2023-04-03T13:28:10.475791Z,voc√™,
,,,1213897,2811,elas tem que parar com isso,criticar,pt_br,2023-04-03T13:28:10.351358Z,852397,1213897,0,4,character,,2023-04-03T13:28:10.399748Z,elas,
,,,1213896,2811,ele devia parar com isso,criticar,pt_br,2023-04-03T13:28:10.298372Z,,,,,,,,,
,,,1213895,2811,para de fazer isso,criticar,pt_br,2023-04-03T13:28:10.246871Z,,,,,,,,,
,,,1213894,2811,concordo com voc√™,defender,pt_br,2023-04-03T13:28:10.186613Z,852396,1213894,13,17,bot,,2023-04-03T13:28:10.209218Z,voc√™,
,,,1213893,2811,vc t√° certo,defender,pt_br,2023-04-03T13:28:10.127604Z,852395,1213893,0,2,bot,,2023-04-03T13:28:10.145208Z,vc,
,,,1213892,2811,voc√™ t√° certa,defender,pt_br,2023-04-03T13:28:10.059558Z,852394,1213892,0,4,bot,,2023-04-03T13:28:10.085506Z,voc√™,
,,,1213891,2811,tu n√£o fez nada de errado,defender,pt_br,2023-04-03T13:28:09.977023Z,852393,1213891,0,2,bot,,2023-04-03T13:28:10.017151Z,tu,
,,,1213890,2811,vc √© que ta certo,defender,pt_br,2023-04-03T13:28:09.892298Z,852392,1213890,0,2,bot,,2023-04-03T13:28:09.923381Z,vc,
,,,1213889,2811,concordo com vc,defender,pt_br,2023-04-03T13:28:09.792135Z,852391,1213889,13,15,bot,,2023-04-03T13:28:09.836061Z,vc,
,,,1213888,2811,t√¥ com voc√™,defender,pt_br,2023-04-03T13:28:09.703589Z,852390,1213888,7,11,bot,,2023-04-03T13:28:09.745745Z,voc√™,
,,,1213887,2811,te apoio nessa,defender,pt_br,2023-04-03T13:28:09.327644Z,852389,1213887,0,2,bot,,2023-04-03T13:28:09.391369Z,te,
,,,1213886,2811,vou te apoiar,defender,pt_br,2023-04-03T13:28:09.193662Z,852388,1213886,4,6,bot,,2023-04-03T13:28:09.262788Z,te,
,,,1213885,2811,t√¥ do seu lado,defender,pt_br,2023-04-03T13:28:09.096824Z,852387,1213885,6,9,bot,,2023-04-03T13:28:09.148315Z,seu,
,,,1213884,2811,t√¥ do lado dela,defender,pt_br,2023-04-03T13:28:08.960111Z,852386,1213884,11,15,character,,2023-04-03T13:28:09.003816Z,dela,
,,,1213883,2811,t√¥ do lado dele,defender,pt_br,2023-04-03T13:28:08.829802Z,852385,1213883,11,15,character,,2023-04-03T13:28:08.865887Z,dele,
,,,1213882,2811,voc√™ n√£o errou em nada,defender,pt_br,2023-04-03T13:28:08.762018Z,852384,1213882,0,4,bot,,2023-04-03T13:28:08.787959Z,voc√™,
,,,1213881,2811,voc√™s est√£o certos,defender,pt_br,2023-04-03T13:28:08.659397Z,852383,1213881,0,5,bot,,2023-04-03T13:28:08.718657Z,voc√™s,
,,,1213880,2811,vc fez o certo,defender,pt_br,2023-04-03T13:28:08.618775Z,,,,,,,,,
,,,1213879,2811,ela fez certo,defender,pt_br,2023-04-03T13:28:08.564917Z,,,,,,,,,
,,,1213878,2811,voc√™ est√° cert√≠ssimo,defender,pt_br,2023-04-03T13:28:08.473386Z,852382,1213878,0,4,bot,,2023-04-03T13:28:08.509914Z,voc√™,
,,,1213877,2811,ela est√° cert√≠ssima,defender,pt_br,2023-04-03T13:28:08.396842Z,852381,1213877,0,3,character,,2023-04-03T13:28:08.432676Z,ela,
,,,1213876,2811,t√° no direito dela,defender,pt_br,2023-04-03T13:28:08.319777Z,852380,1213876,14,18,character,,2023-04-03T13:28:08.362819Z,dela,
,,,1213875,2811,t√° no seu direito de se sentir incomodado,defender,pt_br,2023-04-03T13:28:08.231161Z,852379,1213875,6,9,bot,,2023-04-03T13:28:08.255566Z,seu,
,,,1213874,2811,ele tem direito de fazer oq quiser,defender,pt_br,2023-04-03T13:28:08.141761Z,852378,1213874,0,3,character,,2023-04-03T13:28:08.191485Z,ele,
,,,1213873,2811,√© direito dele fazer isso,defender,pt_br,2023-04-03T13:28:08.059765Z,852377,1213873,10,14,character,,2023-04-03T13:28:08.087841Z,dele,
,,,1213869,2811,voc√™ t√° certo,defender,pt_br,2023-04-03T13:28:07.779193Z,852373,1213869,0,4,bot,,2023-04-03T13:28:07.803684Z,voc√™,
,,,1213868,2811,voc√™ est√° certo,defender,pt_br,2023-04-03T13:28:07.712355Z,852372,1213868,0,4,bot,,2023-04-03T13:28:07.730940Z,voc√™,
,,,1213867,2811,n√£o t√° errada,defender,pt_br,2023-04-03T13:28:07.665931Z,,,,,,,,,
,,,1213866,2811,nunca errou,defender,pt_br,2023-04-03T13:28:07.616165Z,,,,,,,,,
,,,1213865,2811,n√£o errou em nada,defender,pt_br,2023-04-03T13:28:07.565450Z,,,,,,,,,
,,,1213864,2811,ela n√£o errou em nada,defender,pt_br,2023-04-03T13:28:07.458978Z,852371,1213864,0,3,character,,2023-04-03T13:28:07.497350Z,ela,
,,,1213863,2811,ele nunca errou,defender,pt_br,2023-04-03T13:28:07.373493Z,852370,1213863,0,3,character,,2023-04-03T13:28:07.416427Z,ele,
,,,1213862,2811,vc n√£o errou em nada,defender,pt_br,2023-04-03T13:28:07.304393Z,852369,1213862,0,2,bot,,2023-04-03T13:28:07.329661Z,vc,
,,,1213861,2811,voc√™ n√£o t√° errado,defender,pt_br,2023-04-03T13:28:07.244605Z,,,,,,,,,
,,,1213860,2811,voc√™ n√£o est√° errado,defender,pt_br,2023-04-03T13:28:07.135995Z,852368,1213860,0,4,bot,,2023-04-03T13:28:07.179819Z,voc√™,
,,,1213859,2811,voc√™ tem raz√£o,defender,pt_br,2023-04-03T13:28:07.029187Z,852367,1213859,0,4,bot,,2023-04-03T13:28:07.072999Z,voc√™,
,,,1213858,2811,tem raz√£o,defender,pt_br,2023-04-03T13:28:06.976728Z,,,,,,,,,
,,,1213857,2811,vc t√° com a raz√£o,defender,pt_br,2023-04-03T13:28:06.877187Z,852366,1213857,0,2,bot,,2023-04-03T13:28:06.910114Z,vc,
,,,1213856,2811,sei como √©,identificar,pt_br,2023-04-03T13:28:06.812041Z,,,,,,,,,
,,,1213855,2811,ficaria assim tamb√©m,identificar,pt_br,2023-04-03T13:28:06.760292Z,,,,,,,,,
,,,1213854,2811,tbm ia me incomodar,identificar,pt_br,2023-04-03T13:28:06.692817Z,,,,,,,,,
,,,1213853,2811,tamb√©m ia achar feio,identificar,pt_br,2023-04-03T13:28:06.634384Z,,,,,,,,,
,,,1213852,2811,eu faria que nem voc√™,identificar,pt_br,2023-04-03T13:28:06.551386Z,852365,1213852,17,21,bot,,2023-04-03T13:28:06.575585Z,voc√™,
,,,1213851,2811,faria igual a ele,identificar,pt_br,2023-04-03T13:28:06.451751Z,852364,1213851,14,17,character,,2023-04-03T13:28:06.495197Z,ele,
,,,1213850,2811,eu faria igual elas,identificar,pt_br,2023-04-03T13:28:06.372207Z,852363,1213850,15,19,character,,2023-04-03T13:28:06.400887Z,elas,
,,,1213849,2811,tamb√©m me sentiria assim,identificar,pt_br,2023-04-03T13:28:06.317396Z,,,,,,,,,
,,,1213848,2811,j√° passei por isso,identificar,pt_br,2023-04-03T13:28:06.251168Z,,,,,,,,,
,,,1213847,2811,j√° vivi essa situa√ß√£o,identificar,pt_br,2023-04-03T13:28:06.192486Z,,,,,,,,,
,,,1213846,2811,j√° vi isso acontecer,identificar,pt_br,2023-04-03T13:28:06.140859Z,,,,,,,,,
,,,1213845,2811,tbm ficaria incomodada,identificar,pt_br,2023-04-03T13:28:06.091631Z,,,,,,,,,
,,,1213844,2811,eu tbm xingaria,identificar,pt_br,2023-04-03T13:28:06.006860Z,,,,,,,,,
,,,1213843,2811,se fosse vc eu tbm ia xingar,identificar,pt_br,2023-04-03T13:28:05.960681Z,,,,,,,,,
,,,1213842,2811,se eu fosse elas faria igual,identificar,pt_br,2023-04-03T13:28:05.896030Z,,,,,,,,,
,,,1213841,2811,se eu fosse ele tamb√©m faria isso,identificar,pt_br,2023-04-03T13:28:05.833434Z,,,,,,,,,
,,,1213840,2811,eu faria o mesmo nessa situa√ß√£o,identificar,pt_br,2023-04-03T13:28:05.762403Z,,,,,,,,,
,,,1213839,2811,passei por isso uma vez,identificar,pt_br,2023-04-03T13:28:05.711621Z,,,,,,,,,
,,,1213838,2811,meu amigo passou por isso,identificar,pt_br,2023-04-03T13:28:05.638103Z,,,,,,,,,
,,,1213837,2811,aconteceu comigo tamb√©m,identificar,pt_br,2023-04-03T13:28:05.565307Z,,,,,,,,,
,,,1213836,2811,aconteceu na minha escola uma vez,identificar,pt_br,2023-04-03T13:28:05.520507Z,,,,,,,,,
,,,1213835,2811,tamb√©m acho,identificar,pt_br,2023-04-03T13:28:05.472427Z,,,,,,,,,
,,,1213834,2811,penso assim tamb√©m,identificar,pt_br,2023-04-03T13:28:05.347649Z,,,,,,,,,
,,,1213833,2811,penso igual voc√™,identificar,pt_br,2023-04-03T13:28:05.302424Z,,,,,,,,,
,,,1213832,2811,tenho o mesmo pensamento,identificar,pt_br,2023-04-03T13:28:05.262305Z,,,,,,,,,
,,,1213831,2811,acho o mesmo que voc√™,identificar,pt_br,2023-04-03T13:28:05.216942Z,,,,,,,,,
,,,1213830,2811,acho o mesmo que ela,identificar,pt_br,2023-04-03T13:28:05.175253Z,,,,,,,,,
,,,1213829,2811,me identifico mt,identificar,pt_br,2023-04-03T13:28:05.119147Z,,,,,,,,,
,,,1213828,2811,ela √© uma ot√°ria,xingar,pt_br,2023-04-03T13:28:05.049735Z,852362,1213828,0,3,character,,2023-04-03T13:28:05.078309Z,ela,
,,,1213827,2811,ele √© um bosta mesmo,xingar,pt_br,2023-04-03T13:28:04.985139Z,852361,1213827,0,3,character,,2023-04-03T13:28:05.007951Z,ele,
,,,1213826,2811,que feia,xingar,pt_br,2023-04-03T13:28:04.942668Z,,,,,,,,,
,,,1213825,2811,muito vacilona,xingar,pt_br,2023-04-03T13:28:04.894835Z,,,,,,,,,
,,,1213824,2811,ele √© um vacil√£o,xingar,pt_br,2023-04-03T13:28:04.815818Z,852360,1213824,0,3,character,,2023-04-03T13:28:04.864059Z,ele,
,,,1213823,2811,Ela ta certa man,defender,pt_br,2023-04-03T13:28:04.648400Z,852359,1213823,0,3,character,,2023-04-03T13:28:04.776704Z,Ela,
,,,1213822,2811,Voc√™ ta errado,defender,pt_br,2023-04-03T13:28:04.572602Z,852358,1213822,0,4,bot,,2023-04-03T13:28:04.604484Z,Voc√™,
,,,1213821,2811,que linda,elogiar,pt_br,2023-04-03T13:28:04.485433Z,,,,,,,,,
,,,1213820,2811,que lindo,elogiar,pt_br,2023-04-03T13:28:04.435137Z,,,,,,,,,
,,,1213819,2811,elas s√£o muito lindas,elogiar,pt_br,2023-04-03T13:28:04.374948Z,,,,,,,,,
,,,1213818,2811,ele t√° lindo,elogiar,pt_br,2023-04-03T13:28:04.320055Z,,,,,,,,,
,,,1213817,2811,adorei ele,elogiar,pt_br,2023-04-03T13:28:04.265129Z,,,,,,,,,
,,,1213816,2811,adorei elas,elogiar,pt_br,2023-04-03T13:28:04.210166Z,,,,,,,,,
,,,1213815,2811,adoro pessoas assim,elogiar,pt_br,2023-04-03T13:28:04.152412Z,,,,,,,,,
,,,1213814,2811,muito bonita,elogiar,pt_br,2023-04-03T13:28:04.093775Z,,,,,,,,,
,,,1213813,2811,ela √© bonita,elogiar,pt_br,2023-04-03T13:28:04.049541Z,,,,,,,,,
,,,1213812,2811,que legal,elogiar,pt_br,2023-04-03T13:28:03.989820Z,,,,,,,,,
,,,1213811,2811,ele parece ser legal,elogiar,pt_br,2023-04-03T13:28:03.928223Z,,,,,,,,,
,,,1213810,2811,ela √© muito legal,elogiar,pt_br,2023-04-03T13:28:03.886036Z,,,,,,,,,
,,,1213809,2811,voc√™ √© legal,elogiar,pt_br,2023-04-03T13:28:03.840890Z,,,,,,,,,
,,,1213808,2811,voc√™ √© linda,elogiar,pt_br,2023-04-03T13:28:03.771513Z,,,,,,,,,
,,,1213807,2811,voc√™s s√£o lindas,elogiar,pt_br,2023-04-03T13:28:03.719140Z,,,,,,,,,
,,,1213806,2811,achei bacana,elogiar,pt_br,2023-04-03T13:28:03.663255Z,,,,,,,,,
,,,1213805,2811,bacana a atitude dele,elogiar,pt_br,2023-04-03T13:28:03.583501Z,,,,,,,,,
,,,1213804,2811,achei bem bacana,elogiar,pt_br,2023-04-03T13:28:03.531064Z,,,,,,,,,
,,,1213803,2811,ele √© brilhante,elogiar,pt_br,2023-04-03T13:28:03.485396Z,,,,,,,,,
,,,1213802,2811,que ideia brilhante,elogiar,pt_br,2023-04-03T13:28:03.430440Z,,,,,,,,,
,,,1213801,2811,voc√™s s√£o brilhantes,elogiar,pt_br,2023-04-03T13:28:03.387986Z,,,,,,,,,
,,,1213800,2811,as duas s√£o bel√≠ssimas,elogiar,pt_br,2023-04-03T13:28:03.343018Z,,,,,,,,,
,,,1213799,2811,muito bela,elogiar,pt_br,2023-04-03T13:28:03.280223Z,,,,,,,,,
,,,1213798,2811,muito belo,elogiar,pt_br,2023-04-03T13:28:03.229538Z,,,,,,,,,
,,,1213797,2811,ele deve ser muito bom,elogiar,pt_br,2023-04-03T13:28:03.161642Z,,,,,,,,,
,,,1213796,2811,ela deve ser mais legal,elogiar,pt_br,2023-04-03T13:28:03.113658Z,,,,,,,,,
,,,1213795,2811,ela deve ser mais interessante,elogiar,pt_br,2023-04-03T13:28:03.053996Z,,,,,,,,,
,,,1213794,2811,ela parece inteligente,elogiar,pt_br,2023-04-03T13:28:02.976521Z,,,,,,,,,
,,,1213793,2811,voc√™ parece inteligente,elogiar,pt_br,2023-04-03T13:28:02.924145Z,,,,,,,,,
,,,1213792,2811,voc√™ √© interessante,elogiar,pt_br,2023-04-03T13:28:02.841274Z,,,,,,,,,
,,,1213791,2811,voc√™ √© engra√ßado,elogiar,pt_br,2023-04-03T13:28:02.796228Z,,,,,,,,,
,,,1213790,2811,voc√™ √© engra√ßada,elogiar,pt_br,2023-04-03T13:28:02.734435Z,,,,,,,,,
,,,1213789,2811,ele parece muito divertido,elogiar,pt_br,2023-04-03T13:28:02.664723Z,,,,,,,,,
,,,1213788,2811,ele deve ser engra√ßado,elogiar,pt_br,2023-04-03T13:28:02.577219Z,,,,,,,,,
,,,1213787,2811,voc√™ √© divertida,elogiar,pt_br,2023-04-03T13:28:02.533002Z,,,,,,,,,
,,,1213786,2811,elas s√£o divertidas,elogiar,pt_br,2023-04-03T13:28:02.470876Z,,,,,,,,,
,,,1213785,2811,elas s√£o muito fofas,elogiar,pt_br,2023-04-03T13:28:02.424899Z,,,,,,,,,
,,,1213784,2811,ele √© um fofo,elogiar,pt_br,2023-04-03T13:28:02.356715Z,,,,,,,,,
,,,1213783,2811,voc√™ √© uma fofa,elogiar,pt_br,2023-04-03T13:28:02.281307Z,,,,,,,,,
,,,1213782,2811,vc n√£o tem nada a ver com isso,criticar,pt_br,2023-04-03T13:28:02.128423Z,852357,1213782,0,2,bot,,2023-04-03T13:28:02.181005Z,vc,
,,,1213781,2811,oq voc√™ tem a ver com isso?,criticar,pt_br,2023-04-03T13:28:02.038379Z,,,,,,,,,
,,,1213780,2811,nem √© problema seu,criticar,pt_br,2023-04-03T13:28:01.844439Z,852356,1213780,15,18,bot,,2023-04-03T13:28:01.908148Z,seu,
,,,1213779,2811,voc√™ nem tem nada a ver,criticar,pt_br,2023-04-03T13:28:01.710942Z,852355,1213779,0,4,bot,,2023-04-03T13:28:01.759945Z,voc√™,
,,,1213778,2811,sim,afirmar,pt_br,2023-04-03T13:28:01.643271Z,,,,,,,,,
,,,1213777,2811,claro,afirmar,pt_br,2023-04-03T13:28:01.557531Z,,,,,,,,,
,,,1213776,2811,√© √≥bvio,afirmar,pt_br,2023-04-03T13:28:01.476543Z,,,,,,,,,
,,,1213775,2811,√≥bvio que sim,afirmar,pt_br,2023-04-03T13:28:01.336902Z,,,,,,,,,
,,,1213774,2811,l√≥gico,afirmar,pt_br,2023-04-03T13:28:01.243804Z,,,,,,,,,
,,,1213773,2811,l√≥gico que sim,afirmar,pt_br,2023-04-03T13:28:01.186086Z,,,,,,,,,
,,,1213772,2811,claro que vou,afirmar,pt_br,2023-04-03T13:28:01.061330Z,,,,,,,,,
,,,1213771,2811,simm,afirmar,pt_br,2023-04-03T13:28:00.967146Z,,,,,,,,,
,,,1213770,2811,siim,afirmar,pt_br,2023-04-03T13:28:00.842076Z,,,,,,,,,
,,,1213769,2811,ok,afirmar,pt_br,2023-04-03T13:28:00.785900Z,,,,,,,,,
,,,1213768,2811,okay,afirmar,pt_br,2023-04-03T13:28:00.738907Z,,,,,,,,,
,,,1213767,2811,sim sim,afirmar,pt_br,2023-04-03T13:28:00.705314Z,,,,,,,,,
,,,1213766,2811,sim üëç,afirmar,pt_br,2023-04-03T13:28:00.650656Z,,,,,,,,,
,,,1213765,2811,certo,afirmar,pt_br,2023-04-03T13:28:00.572011Z,,,,,,,,,
,,,1213764,2811,ta,afirmar,pt_br,2023-04-03T13:28:00.490607Z,,,,,,,,,
,,,1213763,2811,ta bem,afirmar,pt_br,2023-04-03T13:28:00.431534Z,,,,,,,,,
,,,1213762,2811,ta bom,afirmar,pt_br,2023-04-03T13:28:00.291586Z,,,,,,,,,
,,,1213761,2811,ss,afirmar,pt_br,2023-04-03T13:28:00.199607Z,,,,,,,,,
,,,1213760,2811,okk,afirmar,pt_br,2023-04-03T13:28:00.158952Z,,,,,,,,,
,,,1213759,2811,okayy,afirmar,pt_br,2023-04-03T13:28:00.103679Z,,,,,,,,,
,,,1213758,2811,isso,afirmar,pt_br,2023-04-03T13:28:00.067004Z,,,,,,,,,
,,,1213757,2811,√©,afirmar,pt_br,2023-04-03T13:28:00.021224Z,,,,,,,,,
,,,1213756,2811,aham,afirmar,pt_br,2023-04-03T13:27:59.975245Z,,,,,,,,,
,,,1213755,2811,j√° sim,afirmar,pt_br,2023-04-03T13:27:59.922189Z,,,,,,,,,
,,,1213754,2811,pode ser,afirmar,pt_br,2023-04-03T13:27:59.876933Z,,,,,,,,,
,,,1213753,2811,acho que sim,afirmar,pt_br,2023-04-03T13:27:59.793928Z,,,,,,,,,
,,,1213752,2811,pode p√°,afirmar,pt_br,2023-04-03T13:27:59.743618Z,,,,,,,,,
,,,1213751,2811,vamos,afirmar,pt_br,2023-04-03T13:27:59.685913Z,,,,,,,,,
,,,1213750,2811,consigo sim,afirmar,pt_br,2023-04-03T13:27:59.636635Z,,,,,,,,,
,,,1213749,2811,estou,afirmar,pt_br,2023-04-03T13:27:59.572081Z,,,,,,,,,
,,,1213748,2811,j√°,afirmar,pt_br,2023-04-03T13:27:59.507086Z,,,,,,,,,
,,,1213747,2811,por favor,afirmar,pt_br,2023-04-03T13:27:59.433598Z,,,,,,,,,
,,,1213746,2811,prometo,afirmar,pt_br,2023-04-03T13:27:59.367439Z,,,,,,,,,
,,,1213745,2811,j√° mas,afirmar,pt_br,2023-04-03T13:27:59.281812Z,,,,,,,,,
,,,1213744,2811,com certeza,afirmar,pt_br,2023-04-03T13:27:59.210862Z,,,,,,,,,
,,,1213743,2811,tenho certeza,afirmar,pt_br,2023-04-03T13:27:59.154825Z,,,,,,,,,
,,,1213742,2811,certo que sim,afirmar,pt_br,2023-04-03T13:27:59.110259Z,,,,,,,,,
,,,1213741,2811,to sim,afirmar,pt_br,2023-04-03T13:27:59.049825Z,,,,,,,,,
,,,1213740,2811,estou sim,afirmar,pt_br,2023-04-03T13:27:58.924392Z,,,,,,,,,
,,,1213739,2811,tudo,afirmar,pt_br,2023-04-03T13:27:58.845241Z,,,,,,,,,
,,,1213738,2811,anham,afirmar,pt_br,2023-04-03T13:27:58.794176Z,,,,,,,,,
,,,1213737,2811,uhum,afirmar,pt_br,2023-04-03T13:27:58.750375Z,,,,,,,,,
,,,1213736,2811,pior que sim,afirmar,pt_br,2023-04-03T13:27:58.707854Z,,,,,,,,,
,,,1213735,2811,pior que j√°,afirmar,pt_br,2023-04-03T13:27:58.650490Z,,,,,,,,,
,,,1213734,2811,entendi,afirmar,pt_br,2023-04-03T13:27:58.585012Z,,,,,,,,,
,,,1213733,2811,tendi,afirmar,pt_br,2023-04-03T13:27:58.542954Z,,,,,,,,,
,,,1213732,2811,tenho,afirmar,pt_br,2023-04-03T13:27:58.502205Z,,,,,,,,,
,,,1213731,2811,posso sim,afirmar,pt_br,2023-04-03T13:27:58.338199Z,,,,,,,,,
,,,1213730,2811,quero,afirmar,pt_br,2023-04-03T13:27:58.279766Z,,,,,,,,,
,,,1213729,2811,yup,afirmar,pt_br,2023-04-03T13:27:58.236347Z,,,,,,,,,
,,,1213728,2811,vdd,afirmar,pt_br,2023-04-03T13:27:58.176427Z,,,,,,,,,
,,,1213727,2811,verdade,afirmar,pt_br,2023-04-03T13:27:58.106595Z,,,,,,,,,
,,,1213726,2811,pode crer,afirmar,pt_br,2023-04-03T13:27:58.048705Z,,,,,,,,,
,,,1213725,2811,n√£o,negar,pt_br,2023-04-03T13:27:57.996655Z,,,,,,,,,
,,,1213724,2811,acho que n√£o,negar,pt_br,2023-04-03T13:27:57.941546Z,,,,,,,,,
,,,1213723,2811,nada disso,negar,pt_br,2023-04-03T13:27:57.896764Z,,,,,,,,,
,,,1213722,2811,nn,negar,pt_br,2023-04-03T13:27:57.839416Z,,,,,,,,,
,,,1213721,2811,l√≥gico que n√£o,negar,pt_br,2023-04-03T13:27:57.790721Z,,,,,,,,,
,,,1213720,2811,claro que n√£o,negar,pt_br,2023-04-03T13:27:57.751280Z,,,,,,,,,
,,,1213719,2811,nunca,negar,pt_br,2023-04-03T13:27:57.707829Z,,,,,,,,,
,,,1213718,2811,melhor n√£o,negar,pt_br,2023-04-03T13:27:57.670657Z,,,,,,,,,
,,,1213717,2811,imposs√≠vel,negar,pt_br,2023-04-03T13:27:57.616871Z,,,,,,,,,
,,,1213716,2811,n√£o pode ser,negar,pt_br,2023-04-03T13:27:57.580521Z,,,,,,,,,
,,,1213715,2811,n√£o posso,negar,pt_br,2023-04-03T13:27:57.539418Z,,,,,,,,,
,,,1213714,2811,n quero,negar,pt_br,2023-04-03T13:27:57.504774Z,,,,,,,,,
,,,1213713,2811,n √© poss√≠vel,negar,pt_br,2023-04-03T13:27:57.476335Z,,,,,,,,,
,,,1213712,2811,nope,negar,pt_br,2023-04-03T13:27:57.449220Z,,,,,,,,,
,,,1213711,2811,no,negar,pt_br,2023-04-03T13:27:57.411656Z,,,,,,,,,
,,,1213710,2811,nuncaa,negar,pt_br,2023-04-03T13:27:57.370661Z,,,,,,,,,
,,,1213709,2811,jamais,negar,pt_br,2023-04-03T13:27:57.330131Z,,,,,,,,,
,,,1213708,2811,negativo,negar,pt_br,2023-04-03T13:27:57.289984Z,,,,,,,,,
,,,1213707,2811,nenhum,negar,pt_br,2023-04-03T13:27:57.240238Z,,,,,,,,,
,,,1213706,2811,nenhuma,negar,pt_br,2023-04-03T13:27:57.173155Z,,,,,,,,,
,,,1213705,2811,n√£o n√©,negar,pt_br,2023-04-03T13:27:57.120780Z,,,,,,,,,
,,,1213704,2811,n√£o obrigada,negar,pt_br,2023-04-03T13:27:57.079233Z,,,,,,,,,
,,,1213703,2811,n√£o obrigado,negar,pt_br,2023-04-03T13:27:57.043434Z,,,,,,,,,
,,,1213702,2811,n√£o valeu,negar,pt_br,2023-04-03T13:27:56.995881Z,,,,,,,,,
,,,1213701,2811,nem pensar,negar,pt_br,2023-04-03T13:27:56.952774Z,,,,,,,,,
,,,1213700,2811,de jeito nenhum,negar,pt_br,2023-04-03T13:27:56.879618Z,,,,,,,,,
,,,1213699,2811,n√£o consigo,negar,pt_br,2023-04-03T13:27:56.841741Z,,,,,,,,,
,,,1213698,2811,n√£o d√°,negar,pt_br,2023-04-03T13:27:56.791254Z,,,,,,,,,
,,,1213697,2811,n√£o tenho,negar,pt_br,2023-04-03T13:27:56.745696Z,,,,,,,,,
,,,1213696,2811,nem quero,negar,pt_br,2023-04-03T13:27:56.702737Z,,,,,,,,,
,,,1213695,2811,pior que n√£o,negar,pt_br,2023-04-03T13:27:56.656416Z,,,,,,,,,
,,,1213694,2811,n√£o estou,negar,pt_br,2023-04-03T13:27:56.596143Z,,,,,,,,,
,,,1213693,2811,n√£o to,negar,pt_br,2023-04-03T13:27:56.527473Z,,,,,,,,,
,,,1213692,2811,nunca fiz,negar,pt_br,2023-04-03T13:27:56.465098Z,,,,,,,,,
,,,1213691,2811,nunca faria,negar,pt_br,2023-04-03T13:27:56.416632Z,,,,,,,,,
,,,1213690,2811,to nao,negar,pt_br,2023-04-03T13:27:56.369620Z,,,,,,,,,
,,,1213689,2811,naum,negar,pt_br,2023-04-03T13:27:56.327958Z,,,,,,,,,
,,,1213688,2811,nem a pau,negar,pt_br,2023-04-03T13:27:56.266746Z,,,,,,,,,
,,,1213687,2811,quero n,negar,pt_br,2023-04-03T13:27:56.203745Z,,,,,,,,,
,,,1213686,2811,n√£o mesmo,negar,pt_br,2023-04-03T13:27:56.127350Z,,,,,,,,,
,,,1213684,2811,n√£o entendi,duvida,pt_br,2023-04-03T13:27:56.026338Z,,,,,,,,,
,,,1213683,2811,n√£o sei,duvida,pt_br,2023-04-03T13:27:55.956713Z,,,,,,,,,
,,,1213682,2811,n√£o tenho certeza,duvida,pt_br,2023-04-03T13:27:55.915905Z,,,,,,,,,
,,,1213681,2811,n√£o entendo,duvida,pt_br,2023-04-03T13:27:55.882942Z,,,,,,,,,
,,,1213680,2811,depende,duvida,pt_br,2023-04-03T13:27:55.822647Z,,,,,,,,,
,,,1213679,2811,como assim?,duvida,pt_br,2023-04-03T13:27:55.766071Z,,,,,,,,,
,,,1213678,2811,talvez n√£o,duvida,pt_br,2023-04-03T13:27:55.711975Z,,,,,,,,,
,,,1213677,2811,n√£o sei muito bem,duvida,pt_br,2023-04-03T13:27:55.667590Z,,,,,,,,,
,,,1213676,2811,quem sabe,duvida,pt_br,2023-04-03T13:27:55.621011Z,,,,,,,,,
,,,1213675,2811,estou incerto,duvida,pt_br,2023-04-03T13:27:55.566069Z,,,,,,,,,
,,,1213674,2811,talvez sim,duvida,pt_br,2023-04-03T13:27:55.510356Z,,,,,,,,,
,,,1213673,2811,fiquei confuso,duvida,pt_br,2023-04-03T13:27:55.423247Z,,,,,,,,,
,,,1213672,2811,to confusa,duvida,pt_br,2023-04-03T13:27:55.380681Z,,,,,,,,,
,,,1213671,2811,n√£o sei te dizer,duvida,pt_br,2023-04-03T13:27:55.324395Z,,,,,,,,,
,,,1213670,2811,n√£o fa√ßo ideia,duvida,pt_br,2023-04-03T13:27:55.266268Z,,,,,,,,,
,,,1213669,2811,n√£o fa√ßo a menor ideia,duvida,pt_br,2023-04-03T13:27:55.198215Z,,,,,,,,,
,,,1213668,2811,eu que vou saber?,duvida,pt_br,2023-04-03T13:27:55.141257Z,,,,,,,,,
,,,1213667,2811,sei la,duvida,pt_br,2023-04-03T13:27:55.104231Z,,,,,,,,,
,,,1213666,2811,pq?,duvida,pt_br,2023-04-03T13:27:55.045821Z,,,,,,,,,
,,,1213665,2811,porque?,duvida,pt_br,2023-04-03T13:27:54.985406Z,,,,,,,,,
,,,1213664,2811,por que?,duvida,pt_br,2023-04-03T13:27:54.943687Z,,,,,,,,,
,,,1213663,2811,to na duvida,duvida,pt_br,2023-04-03T13:27:54.847555Z,,,,,,,,,
,,,1213662,2811,to em duvida,duvida,pt_br,2023-04-03T13:27:54.781918Z,,,,,,,,,
,,,1213661,2811,tenho minhas duvidas,duvida,pt_br,2023-04-03T13:27:54.740896Z,,,,,,,,,
,,,1213660,2811,n sei,duvida,pt_br,2023-04-03T13:27:54.689202Z,,,,,,,,,
,,,1213659,2811,nem ideia,duvida,pt_br,2023-04-03T13:27:54.650923Z,,,,,,,,,
,,,1213658,2811,nem sei,duvida,pt_br,2023-04-03T13:27:54.597666Z,,,,,,,,,
,,,1213657,2811,sei la mano,duvida,pt_br,2023-04-03T13:27:54.541124Z,,,,,,,,,
,,,1213656,2811,mais ou menos,duvida,pt_br,2023-04-03T13:27:54.495059Z,,,,,,,,,
,,,1213655,2811,as vezes,duvida,pt_br,2023-04-03T13:27:54.435527Z,,,,,,,,,
,,,1213654,2811,acredito que n√£o,negar,pt_br,2023-04-03T13:27:54.377129Z,,,,,,,,,
,,,1213653,2811,acredito que sim,afirmar,pt_br,2023-04-03T13:27:54.327138Z,,,,,,,,,
,,,1213652,2811,preciso pensar,duvida,pt_br,2023-04-03T13:27:54.259622Z,,,,,,,,,
,,,1213651,2811,to pensando,duvida,pt_br,2023-04-03T13:27:54.187823Z,,,,,,,,,
,,,1213650,2811,sei nao,duvida,pt_br,2023-04-03T13:27:54.136252Z,,,,,,,,,
,,,1213649,2811,n to certa disso,duvida,pt_br,2023-04-03T13:27:54.091428Z,,,,,,,,,
,,,1213648,2811,"hmmm, nao sei",duvida,pt_br,2023-04-03T13:27:54.054915Z,,,,,,,,,
,,,1213647,2811,deixa elas em paz cara,defender,pt_br,2023-04-03T13:27:53.982656Z,852354,1213647,6,10,character,,2023-04-03T13:27:54.019253Z,elas,
,,,1213646,2811,elas n√£o fizeram nada,defender,pt_br,2023-04-03T13:27:53.912810Z,852353,1213646,0,4,character,,2023-04-03T13:27:53.935293Z,elas,
,,,1213645,2811,elas tem raz√£o,defender,pt_br,2023-04-03T13:27:53.740207Z,852352,1213645,0,4,character,,2023-04-03T13:27:53.828266Z,elas,
,,,1213644,2811,elas tao certissimas,defender,pt_br,2023-04-03T13:27:53.667200Z,852351,1213644,0,4,character,,2023-04-03T13:27:53.688554Z,elas,
,,,1213643,2811,deixa elas,defender,pt_br,2023-04-03T13:27:53.572201Z,852350,1213643,6,10,character,,2023-04-03T13:27:53.600204Z,elas,
,,,1213642,2811,ta certa ela,defender,pt_br,2023-04-03T13:27:53.503816Z,852349,1213642,9,12,character,,2023-04-03T13:27:53.533495Z,ela,
,,,1213641,2811,cert√≠ssima ela,defender,pt_br,2023-04-03T13:27:53.375608Z,852348,1213641,11,14,character,,2023-04-03T13:27:53.455405Z,ela,
,,,1213640,2811,nunca errou ela,defender,pt_br,2023-04-03T13:27:53.243289Z,852347,1213640,12,15,character,,2023-04-03T13:27:53.310421Z,ela,
,,,1213639,2811,vcs tao fodidos,ameacar,pt_br,2023-04-03T13:27:53.106013Z,852346,1213639,0,3,bot,,2023-04-03T13:27:53.132772Z,vcs,
,,,1213638,2811,ces tao muito fodidos,ameacar,pt_br,2023-04-03T13:27:53.022540Z,852345,1213638,0,3,bot,,2023-04-03T13:27:53.068238Z,ces,
,,,1213637,2811,vcs vao se fuder,ameacar,pt_br,2023-04-03T13:27:52.935392Z,852344,1213637,0,3,bot,,2023-04-03T13:27:52.981535Z,vcs,
,,,1213636,2811,tu vai se fuder,ameacar,pt_br,2023-04-03T13:27:52.861176Z,852343,1213636,0,2,bot,,2023-04-03T13:27:52.887867Z,tu,
,,,1213635,2811,vou acabar contigo,ameacar,pt_br,2023-04-03T13:27:52.789403Z,852342,1213635,11,18,bot,,2023-04-03T13:27:52.820513Z,contigo,
,,,1213634,2811,boaa la√≠s,defender,pt_br,2023-04-03T13:27:52.718762Z,852341,1213634,5,9,character,,2023-04-03T13:27:52.743430Z,la√≠s,
,,,1213633,2811,isso a√≠ la√≠s,defender,pt_br,2023-04-03T13:27:52.643385Z,852340,1213633,8,12,character,,2023-04-03T13:27:52.669355Z,la√≠s,
,,,1213632,2811,a la√≠s t√° cert√≠ssima,defender,pt_br,2023-04-03T13:27:52.594106Z,852339,1213632,2,6,character,,2023-04-03T13:27:52.611424Z,la√≠s,
,,,1213631,2811,la√≠s nunca errou,defender,pt_br,2023-04-03T13:27:52.481891Z,852338,1213631,0,4,character,,2023-04-03T13:27:52.528399Z,la√≠s,
,,,1213630,2811,a la√≠s n√£o fez nada de errado,defender,pt_br,2023-04-03T13:27:52.387938Z,852337,1213630,2,6,character,,2023-04-03T13:27:52.417961Z,la√≠s,
,,,1213629,2811,concordo com a la√≠s,defender,pt_br,2023-04-03T13:27:52.303071Z,852336,1213629,15,19,character,,2023-04-03T13:27:52.344974Z,la√≠s,
,,,1213628,2811,t√¥ com a la√≠s,defender,pt_br,2023-04-03T13:27:52.186960Z,852335,1213628,9,13,character,,2023-04-03T13:27:52.240213Z,la√≠s,
,,,1213627,2811,essa la√≠s √© uma vadia mesmo,xingar,pt_br,2023-04-03T13:27:52.089103Z,852334,1213627,5,9,character,,2023-04-03T13:27:52.134724Z,la√≠s,
,,,1213626,2811,a la√≠s √© uma escrota,xingar,pt_br,2023-04-03T13:27:52.010909Z,852333,1213626,2,6,character,,2023-04-03T13:27:52.038563Z,la√≠s,
,,,1213625,2811,essa la√≠s √© uma rid√≠cula,xingar,pt_br,2023-04-03T13:27:51.932298Z,852332,1213625,5,9,character,,2023-04-03T13:27:51.964405Z,la√≠s,
,,,1213624,2811,que nojo de voc√™,xingar,pt_br,2023-04-03T13:27:51.872149Z,852331,1213624,12,16,bot,,2023-04-03T13:27:51.897939Z,voc√™,
,,,1213623,2811,que nojo dessa la√≠s,xingar,pt_br,2023-04-03T13:27:51.770743Z,852330,1213623,15,19,character,,2023-04-03T13:27:51.828583Z,la√≠s,
,,,1213622,2811,odeio voc√™,xingar,pt_br,2023-04-03T13:27:51.674095Z,852329,1213622,6,10,bot,,2023-04-03T13:27:51.705719Z,voc√™,
,,,1213621,2811,odiei ela,xingar,pt_br,2023-04-03T13:27:51.582765Z,852328,1213621,6,9,character,,2023-04-03T13:27:51.612524Z,ela,
,,,1213620,2811,odiei essa la√≠s,xingar,pt_br,2023-04-03T13:27:51.482757Z,852327,1213620,11,15,character,,2023-04-03T13:27:51.513710Z,la√≠s,
,,,1213619,2811,elas s√£o umas escrotas,xingar,pt_br,2023-04-03T13:27:51.396787Z,852326,1213619,0,4,character,,2023-04-03T13:27:51.436538Z,elas,
,,,1213618,2811,elas s√£o umas merdas,xingar,pt_br,2023-04-03T13:27:51.266268Z,852325,1213618,0,4,character,,2023-04-03T13:27:51.300930Z,elas,
,,,1213617,2811,manda elas se foderem,xingar,pt_br,2023-04-03T13:27:51.163818Z,852324,1213617,6,10,character,,2023-04-03T13:27:51.197285Z,elas,
,,,1213616,2811,se fuder elas duas,xingar,pt_br,2023-04-03T13:27:51.091641Z,852323,1213616,9,13,character,,2023-04-03T13:27:51.117976Z,elas,
,,,1213615,2811,manda ela a merda,xingar,pt_br,2023-04-03T13:27:51.006535Z,852322,1213615,6,9,character,,2023-04-03T13:27:51.032706Z,ela,
,,,1213614,2811,vai a merda seu idiota,xingar,pt_br,2023-04-03T13:27:50.896689Z,852321,1213614,12,15,bot,,2023-04-03T13:27:50.933037Z,seu,
,,,1213613,2811,vai se fuder seu babaca,xingar,pt_br,2023-04-03T13:27:50.769668Z,852320,1213613,13,16,bot,,2023-04-03T13:27:50.823639Z,seu,
,,,1213612,2811,vai se fuder seu merda,xingar,pt_br,2023-04-03T13:27:50.643016Z,852319,1213612,13,16,bot,,2023-04-03T13:27:50.708420Z,seu,
,,,1213611,2811,odiei esse leo,xingar,pt_br,2023-04-03T13:27:50.523401Z,852318,1213611,11,14,character,,2023-04-03T13:27:50.566954Z,leo,
,,,1213610,2811,esse leo √© um rid√≠culo,xingar,pt_br,2023-04-03T13:27:50.342367Z,852317,1213610,5,8,character,,2023-04-03T13:27:50.423868Z,leo,
,,,1213609,2811,manda esse leo tomar no cu,xingar,pt_br,2023-04-03T13:27:50.248753Z,852316,1213609,11,14,character,,2023-04-03T13:27:50.273132Z,leo,
,,,1213608,2811,que cara escroto esse tal de leo,xingar,pt_br,2023-04-03T13:27:50.157899Z,852315,1213608,29,32,character,,2023-04-03T13:27:50.192400Z,leo,
,,,1213607,2811,o leo ta cert√≠ssimo,defender,pt_br,2023-04-03T13:27:50.092145Z,852314,1213607,2,5,character,,2023-04-03T13:27:50.127671Z,leo,
,,,1213606,2811,apoio o leo,defender,pt_br,2023-04-03T13:27:50.013815Z,852313,1213606,8,11,character,,2023-04-03T13:27:50.049040Z,leo,
,,,1213605,2811,eu faria igual o leo,identificar,pt_br,2023-04-03T13:27:49.922350Z,852312,1213605,17,20,character,,2023-04-03T13:27:49.951722Z,leo,
,,,1213604,2811,eu faria o mesmo que a la√≠s,identificar,pt_br,2023-04-03T13:27:49.834455Z,852311,1213604,23,27,character,,2023-04-03T13:27:49.868530Z,la√≠s,
,,,1213603,2811,boa leo!,defender,pt_br,2023-04-03T13:27:49.730322Z,852310,1213603,4,7,character,,2023-04-03T13:27:49.792518Z,leo,
,,,1213602,2811,a la√≠s √© linda,elogiar,pt_br,2023-04-03T13:27:49.646691Z,852309,1213602,2,6,character,,2023-04-03T13:27:49.680754Z,la√≠s,
,,,1213601,2811,a la√≠s e a namorada dela s√£o umas fofas,elogiar,pt_br,2023-04-03T13:27:49.564253Z,852308,1213601,2,6,character,,2023-04-03T13:27:49.597408Z,la√≠s,
,,,1213600,2811,adorei a la√≠s,elogiar,pt_br,2023-04-03T13:27:49.493736Z,852307,1213600,9,13,character,,2023-04-03T13:27:49.519914Z,la√≠s,
,,,1213599,2811,adorei o leo,elogiar,pt_br,2023-04-03T13:27:49.408449Z,852306,1213599,9,12,character,,2023-04-03T13:27:49.443556Z,leo,
,,,1213598,2811,o leo √© top,elogiar,pt_br,2023-04-03T13:27:49.287542Z,852305,1213598,2,5,character,,2023-04-03T13:27:49.324614Z,leo,
,,,1213597,2811,a la√≠s √© top,elogiar,pt_br,2023-04-03T13:27:49.215606Z,852304,1213597,2,6,character,,2023-04-03T13:27:49.237827Z,la√≠s,
,,,1213596,2811,vou acabar com esse leo,ameacar,pt_br,2023-04-03T13:27:49.113127Z,852303,1213596,20,23,character,,2023-04-03T13:27:49.164869Z,leo,
,,,1213595,2811,vou quebrar a cara dele,ameacar,pt_br,2023-04-03T13:27:48.878802Z,852302,1213595,19,23,character,,2023-04-03T13:27:48.998287Z,dele,
,,,1213594,2811,vou ferrar com ela,ameacar,pt_br,2023-04-03T13:27:48.693006Z,852301,1213594,15,18,character,,2023-04-03T13:27:48.740157Z,ela,
,,,1213593,2811,ele vai ver s√≥,ameacar,pt_br,2023-04-03T13:27:48.634898Z,852300,1213593,0,3,character,,2023-04-03T13:27:48.662038Z,ele,
,,,1213592,2811,vou quebrar essa la√≠s,ameacar,pt_br,2023-04-03T13:27:48.551605Z,852299,1213592,17,21,character,,2023-04-03T13:27:48.581488Z,la√≠s,
,,,1213591,2811,vou matar ele,ameacar,pt_br,2023-04-03T13:27:48.389690Z,852298,1213591,10,13,character,,2023-04-03T13:27:48.459579Z,ele,
,,,1213590,2811,concordo total com a la√≠s,defender,pt_br,2023-04-03T13:27:48.287866Z,852297,1213590,21,25,character,,2023-04-03T13:27:48.317732Z,la√≠s,
,,,1213589,2811,concordo total com o leo,defender,pt_br,2023-04-03T13:27:48.223312Z,852296,1213589,21,24,character,,2023-04-03T13:27:48.258089Z,leo,
,,,1213588,2811,essa la√≠s t√° muito errada,xingar,pt_br,2023-04-03T13:27:48.139064Z,852295,1213588,5,9,character,,2023-04-03T13:27:48.170034Z,la√≠s,
,,,1213587,2811,ele n√£o devia fazer isso,afirmar,pt_br,2023-04-03T13:27:48.042847Z,852294,1213587,0,3,character,,2023-04-03T13:27:48.078018Z,ele,
,,,1213586,2811,desnecess√°rio ele fazer isso,xingar,pt_br,2023-04-03T13:27:47.951192Z,852293,1213586,14,17,character,,2023-04-03T13:27:47.981869Z,ele,
,,,1213585,2811,desnecess√°rio ela ficar postando,xingar,pt_br,2023-04-03T13:27:47.877201Z,852292,1213585,14,17,character,,2023-04-03T13:27:47.901349Z,ela,
,,,1213584,2811,esse cara √© um homof√≥bico,xingar,pt_br,2023-04-03T13:27:47.808651Z,852291,1213584,5,9,character,,2023-04-03T13:27:47.832542Z,cara,
,,,1213583,2811,ele devia ser preso,acusar,pt_br,2023-04-03T13:27:47.745594Z,,,,,,,,,
,,,1213582,2811,vc devia denunciar ele,acusar,pt_br,2023-04-03T13:27:47.690611Z,,,,,,,,,
,,,1213581,2811,denuncia esse cara,acusar,pt_br,2023-04-03T13:27:47.655133Z,,,,,,,,,
,,,1213580,2811,vc tem que processar ele,acusar,pt_br,2023-04-03T13:27:47.622968Z,,,,,,,,,
,,,1213579,2811,mete um processo nesse idiota,acusar,pt_br,2023-04-03T13:27:47.580711Z,,,,,,,,,
,,,1213578,2811,bora denunciar esse idiota,acusar,pt_br,2023-04-03T13:27:47.531766Z,,,,,,,,,
,,,1213577,2811,ele tem que ser preso,acusar,pt_br,2023-04-03T13:27:47.499622Z,,,,,,,,,
,,,1213576,2811,ele tem que ir pra cadeia,acusar,pt_br,2023-04-03T13:27:47.456879Z,,,,,,,,,
,,,1213575,2811,tomara que ele seja preso,acusar,pt_br,2023-04-03T13:27:47.418005Z,,,,,,,,,
,,,1213574,2811,n te conhe√ßo,engano,pt_br,2023-04-03T13:27:47.276867Z,,,,,,,,,
,,,1213573,2811,n√£o te conhe√ßo,engano,pt_br,2023-04-03T13:27:47.149648Z,,,,,,,,,
,,,1213572,2811,nem te conhe√ßo,engano,pt_br,2023-04-03T13:27:47.089813Z,,,,,,,,,
,,,1213571,2811,n√£o conhe√ßo ele,engano,pt_br,2023-04-03T13:27:47.043824Z,,,,,,,,,
,,,1213570,2811,acho que n te conhe√ßo,engano,pt_br,2023-04-03T13:27:46.995074Z,,,,,,,,,
,,,1213569,2811,n te conhe√ßo viu?n,engano,pt_br,2023-04-03T13:27:46.951983Z,,,,,,,,,
,,,1213568,2811,n√£o nos conhecemos,engano,pt_br,2023-04-03T13:27:46.897340Z,,,,,,,,,
,,,1213567,2811,voc√™ n√£o me conhece,engano,pt_br,2023-04-03T13:27:46.850120Z,,,,,,,,,
,,,1213566,2811,vc nem me conhece,engano,pt_br,2023-04-03T13:27:46.772116Z,,,,,,,,,
,,,1213565,2811,de onde vc me conhece,engano,pt_br,2023-04-03T13:27:46.738166Z,,,,,,,,,
,,,1213564,2811,vc me conhece?,engano,pt_br,2023-04-03T13:27:46.681668Z,,,,,,,,,
,,,1213563,2811,de onde eu te conhe√ßo?,engano,pt_br,2023-04-03T13:27:46.620256Z,,,,,,,,,
,,,1213562,2811,te conhe√ßo?,engano,pt_br,2023-04-03T13:27:46.552216Z,,,,,,,,,
,,,1213561,2811,n√£o gostei dessa Bibi,xingar,pt_br,2023-04-03T13:27:46.434327Z,852290,1213561,17,21,character,,2023-04-03T13:27:46.461809Z,Bibi,
,,,1213560,2811,essa Bibi √© uma fdp,xingar,pt_br,2023-04-03T13:27:46.366145Z,852289,1213560,5,9,character,,2023-04-03T13:27:46.392590Z,Bibi,
,,,1213559,2811,a Bibi √© uma nojenta,xingar,pt_br,2023-04-03T13:27:46.267771Z,852288,1213559,2,6,character,,2023-04-03T13:27:46.310050Z,Bibi,
,,,1213558,2811,Bibi maravilhosa,elogiar,pt_br,2023-04-03T13:27:46.064749Z,852287,1213558,0,4,character,,2023-04-03T13:27:46.169848Z,Bibi,
,,,1213557,2811,"isso a√≠, Bibi",defender,pt_br,2023-04-03T13:27:45.823645Z,852286,1213557,9,13,character,,2023-04-03T13:27:45.911178Z,Bibi,
,,,1213556,2811,t√¥ com a Bibi,defender,pt_br,2023-04-03T13:27:45.696710Z,852285,1213556,9,13,character,,2023-04-03T13:27:45.730546Z,Bibi,
,,,1213555,2811,Bibi t√° cert√≠ssima,defender,pt_br,2023-04-03T13:27:45.524714Z,852284,1213555,0,4,character,,2023-04-03T13:27:45.655661Z,Bibi,
,,,1213554,2811,amei a Bibi,elogiar,pt_br,2023-04-03T13:27:45.238683Z,852283,1213554,7,11,character,,2023-04-03T13:27:45.271989Z,Bibi,
,,,1213553,2811,nossa vou quebrar essa Bibi,ameacar,pt_br,2023-04-03T13:27:45.149936Z,852282,1213553,23,27,character,,2023-04-03T13:27:45.173367Z,Bibi,
,,,1213552,2811,vou acabar com essa Bibi,ameacar,pt_br,2023-04-03T13:27:45.069924Z,852281,1213552,20,24,character,,2023-04-03T13:27:45.110206Z,Bibi,
,,,1213551,2811,faria o mesmo que a Bibi,identificar,pt_br,2023-04-03T13:27:44.954354Z,852280,1213551,20,24,character,,2023-04-03T13:27:45.015975Z,Bibi,
,,,1213550,2811,te entendo la√≠s,identificar,pt_br,2023-04-03T13:27:44.805882Z,852279,1213550,11,15,character,,2023-04-03T13:27:44.858395Z,la√≠s,
,,,1213549,2811,Bibi t√° errada,xingar,pt_br,2023-04-03T13:27:44.702433Z,852278,1213549,0,4,character,,2023-04-03T13:27:44.742669Z,Bibi,
,,,1213548,2811,essa Bibi n√£o devia ficar postando,xingar,pt_br,2023-04-03T13:27:44.606784Z,852277,1213548,5,9,character,,2023-04-03T13:27:44.648289Z,Bibi,
,,,1213547,2811,mt desnecess√°ria essa Bibi,xingar,pt_br,2023-04-03T13:27:44.509467Z,852276,1213547,22,26,character,,2023-04-03T13:27:44.544527Z,Bibi,
,,,1213546,2811,gordofobia √© crime,acusar,pt_br,2023-04-03T13:27:44.446632Z,,,,,,,,,
,,,1213545,2811,s,afirmar,pt_br,2023-04-03T13:27:44.364916Z,,,,,,,,,
,,,1213544,2811,axo que sim,afirmar,pt_br,2023-04-03T13:27:44.297667Z,,,,,,,,,
,,,1213543,2811,eh,afirmar,pt_br,2023-04-03T13:27:44.244329Z,,,,,,,,,
,,,1213542,2811,te odeio,xingar,pt_br,2023-04-03T13:27:44.164282Z,,,,,,,,,
,,,1213541,2811,vc √© um nada,xingar,pt_br,2023-04-03T13:27:44.119134Z,,,,,,,,,
,,,1213540,2811,fracassado,xingar,pt_br,2023-04-03T13:27:44.048995Z,,,,,,,,,
,,,1213539,2811,n√£o gosto de voce,xingar,pt_br,2023-04-03T13:27:43.995619Z,,,,,,,,,
,,,1213538,2811,concordo com ela,defender,pt_br,2023-04-03T13:27:43.872935Z,852275,1213538,13,16,character,,2023-04-03T13:27:43.925148Z,ela,
,,,1213537,2811,to com ela,elogiar,pt_br,2023-04-03T13:27:43.763629Z,852274,1213537,7,10,character,,2023-04-03T13:27:43.791464Z,ela,
,,,1213536,2811,nao eh verdade,negar,pt_br,2023-04-03T13:27:43.702343Z,,,,,,,,,
,,,1213535,2811,√±,negar,pt_br,2023-04-03T13:27:43.631986Z,,,,,,,,,
,,,1213534,2811,acho que n,negar,pt_br,2023-04-03T13:27:43.571192Z,,,,,,,,,
,,,1213533,2811,nao concordo,negar,pt_br,2023-04-03T13:27:43.504900Z,,,,,,,,,
,,,1213532,2811,ta errado,negar,pt_br,2023-04-03T13:27:43.455478Z,,,,,,,,,
,,,1213531,2811,j√° aconteceu comigo,identificar,pt_br,2023-04-03T13:27:43.367820Z,,,,,,,,,
,,,1213530,2811,sei como ela se sente,identificar,pt_br,2023-04-03T13:27:43.309869Z,,,,,,,,,
,,,1213529,2811,sei como ele se sente,identificar,pt_br,2023-04-03T13:27:43.240244Z,,,,,,,,,
,,,1213528,2811,quem √© voc√™?,duvida,pt_br,2023-04-03T13:27:43.172729Z,,,,,,,,,
,,,1213527,2811,quem √© ela?,duvida,pt_br,2023-04-03T13:27:43.114175Z,,,,,,,,,
,,,1213526,2811,quem eh?,duvida,pt_br,2023-04-03T13:27:43.064199Z,,,,,,,,,
,,,1213525,2811,quem √© ele?,duvida,pt_br,2023-04-03T13:27:43.012137Z,,,,,,,,,
,,,1213524,2811,quem √© leo?,duvida,pt_br,2023-04-03T13:27:42.888300Z,852273,1213524,7,10,character,,2023-04-03T13:27:42.937682Z,leo,
,,,1213523,2811,acho que nao sei,duvida,pt_br,2023-04-03T13:27:42.835488Z,,,,,,,,,
,,,1213522,2811,acho que n√£o conhe√ßo,duvida,pt_br,2023-04-03T13:27:42.745952Z,,,,,,,,,
,,,1213521,2811,sera?,duvida,pt_br,2023-04-03T13:27:42.668712Z,,,,,,,,,
,,,1213520,2811,quem √© lais,duvida,pt_br,2023-04-03T13:27:42.577459Z,852272,1213520,7,11,character,,2023-04-03T13:27:42.617022Z,lais,
,,,1213519,2811,quem √© henrique?,duvida,pt_br,2023-04-03T13:27:42.419617Z,852271,1213519,7,15,character,,2023-04-03T13:27:42.494760Z,henrique,
,,,1213518,2811,voce vai ter o que merece,ameacar,pt_br,2023-04-03T13:27:42.309887Z,,,,,,,,,